{
	"embedding": [
		-1.0185420513153076,
		0.6163383722305298
	],
	"facial_area": {
		"x": 1043,
		"y": 1156,
		"w": 740,
		"h": 1049
	},
	"face_confidence": 0.9992666840553284
}